Workbook

Sheet Questions
A1: Worksheet 1: Products | E1: Worksheet 2: Orders
A2: ProductID | B2: Product | C2: Price | E2: OrderID | F2: ProductID | G2: Quantity | I2: 1.Use VLOOKUP to find the product names for each ProductID in the Orders worksheet.
A3: 101 | B3: Product A | C3: 120 | E3: 1 | F3: 101 | G3: 2 | I3: 2. Use VLOOKUP to find the price for each ProductID in the Orders worksheet, then calculate the TotalPrice by multiplying the Quantity by the Product Price.
A4: 102 | B4: Product B | C4: 150 | E4: 2 | F4: 103 | G4: 1 | I4: 3. Use VLOOKUP to check if there are any ProductIDs in the Orders worksheet that do not exist in the Products worksheet.
A5: 103 | B5: Product C | C5: 200 | E5: 3 | F5: 105 | G5: 4 | I5: 4. Assume a discount of 10% is given on all products. Use VLOOKUP to find the original price and then calculate the discounted price.
A6: 104 | B6: Product D | C6: 90 | E6: 4 | F6: 106 | G6: 3 | I6: 5. Use VLOOKUP to find the price for each ProductID and then calculate the order value. Find the maximum order value from the list.
A7: 105 | B7: Product E | C7: 220 | E7: 5 | F7: 102 | G7: 5 | I7: 6. Use VLOOKUP to find out which products from the Products worksheet have not been ordered.
A8: 106 | B8: Product F | C8: 130 | E8: 6 | F8: 104 | G8: 6 | I8: 7. Use VLOOKUP to find the Product name and summarize the total quantity sold for each product.

Sheet Products
A1: ProductID | B1: Product | C1: Price | D1: Ordered/Not Ordered
A2: 101 | B2: Product A | C2: 120 | D2: =IF(ISNA(VLOOKUP(A2,Orders!$B$1:$E$8,1,0)),"Not Ordered","Ordered") -> Ordered
A3: 102 | B3: Product B | C3: 150 | D3: =IF(ISNA(VLOOKUP(A3,Orders!$B$1:$E$8,1,0)),"Not Ordered","Ordered") -> Ordered | F3: 6. Use VLOOKUP to find out which products from the Products worksheet have not been ordered.
A4: 103 | B4: Product C | C4: 200 | D4: =IF(ISNA(VLOOKUP(A4,Orders!$B$1:$E$8,1,0)),"Not Ordered","Ordered") -> Ordered
A5: 104 | B5: Product D | C5: 90 | D5: =IF(ISNA(VLOOKUP(A5,Orders!$B$1:$E$8,1,0)),"Not Ordered","Ordered") -> Ordered
A6: 105 | B6: Product E | C6: 220 | D6: =IF(ISNA(VLOOKUP(A6,Orders!$B$1:$E$8,1,0)),"Not Ordered","Ordered") -> Ordered
A7: 106 | B7: Product F | C7: 130 | D7: =IF(ISNA(VLOOKUP(A7,Orders!$B$1:$E$8,1,0)),"Not Ordered","Ordered") -> Ordered
A8: 108 | B8: Product H | C8: 200 | D8: =IF(ISNA(VLOOKUP(A8,Orders!$B$1:$E$8,1,0)),"Not Ordered","Ordered") -> Not Ordered

Sheet Orders
A1: OrderID | B1: ProductID | C1: Quantity | D1: Product | E1: Price | F1: Total Price | G1: Product Present/Not | H1: Discounted Price | J1: 1.Use VLOOKUP to find the product names for each ProductID in the Orders worksheet.
A2: 1 | B2: 101 | C2: 2 | D2: =VLOOKUP(B2,Products!$A$1:$C$7,2,0) -> Product A | E2: =VLOOKUP(B2,Products!$A$1:$C$7,3,0) -> 120 | F2: =C2*E2 -> 240 | G2: =IF(ISNA(VLOOKUP(Orders!B2,Products!$A$1:$C$7,1,0)),"No","Present") -> Present | H2: =E2-(E2*10%) -> 108 | J2: 2. Use VLOOKUP to find the price for each ProductID in the Orders worksheet,
A3: 2 | B3: 103 | C3: 1 | D3: =VLOOKUP(B3,Products!$A$1:$C$7,2,0) -> Product C | E3: =VLOOKUP(B3,Products!$A$1:$C$7,3,0) -> 200 | F3: =C3*E3 -> 200 | G3: =IF(ISNA(VLOOKUP(Orders!B3,Products!$A$1:$C$7,1,0)),"No","Present") -> Present | H3: =E3-(E3*10%) -> 180 | J3: then calculate the TotalPrice by multiplying the Quantity by the Product Price.
A4: 3 | B4: 105 | C4: 4 | D4: =VLOOKUP(B4,Products!$A$1:$C$7,2,0) -> Product E | E4: =VLOOKUP(B4,Products!$A$1:$C$7,3,0) -> 220 | F4: =C4*E4 -> 880 | G4: =IF(ISNA(VLOOKUP(Orders!B4,Products!$A$1:$C$7,1,0)),"No","Present") -> Present | H4: =E4-(E4*10%) -> 198 | J4: 3. Use VLOOKUP to check if there are any ProductIDs in the Orders worksheet
A5: 4 | B5: 106 | C5: 3 | D5: =VLOOKUP(B5,Products!$A$1:$C$7,2,0) -> Product F | E5: =VLOOKUP(B5,Products!$A$1:$C$7,3,0) -> 130 | F5: =C5*E5 -> 390 | G5: =IF(ISNA(VLOOKUP(Orders!B5,Products!$A$1:$C$7,1,0)),"No","Present") -> Present | H5: =E5-(E5*10%) -> 117 | J5: that do not exist in the Products worksheet.
A6: 5 | B6: 102 | C6: 5 | D6: =VLOOKUP(B6,Products!$A$1:$C$7,2,0) -> Product B | E6: =VLOOKUP(B6,Products!$A$1:$C$7,3,0) -> 150 | F6: =C6*E6 -> 750 | G6: =IF(ISNA(VLOOKUP(Orders!B6,Products!$A$1:$C$7,1,0)),"No","Present") -> Present | H6: =E6-(E6*10%) -> 135 | J6: 4. Assume a discount of 10% is given on all products. Use VLOOKUP to find
A7: 6 | B7: 104 | C7: 6 | D7: =VLOOKUP(B7,Products!$A$1:$C$7,2,0) -> Product D | E7: =VLOOKUP(B7,Products!$A$1:$C$7,3,0) -> 90 | F7: =C7*E7 -> 540 | G7: =IF(ISNA(VLOOKUP(Orders!B7,Products!$A$1:$C$7,1,0)),"No","Present") -> Present | H7: =E7-(E7*10%) -> 81 | J7: the original price and then calculate the discounted price.
A8: 7 | B8: 107 | G8: =IF(ISNA(VLOOKUP(Orders!B8,Products!$A$1:$C$7,1,0)),"No","Present") -> No | H8: =E8-(E8*10%) -> 0 | J8: 5. Use VLOOKUP to find the price for each ProductID and then calculate the order value.
J9: Find the maximum order value from the list.
G10: Maximum Order Value | H10: =MAX(F2:F7) -> 880
