Workbook

Sheet Questions
A1: Worksheet: SalesData
A2: Product | B2: Jan | C2: Feb | D2: Mar | E2: Apr | F2: May | I2: 1. Use HLOOKUP to find the sales for Product A in March.
A3: Product A | B3: 120 | C3: 130 | D3: 140 | E3: 150 | F3: 160 | I3: 2. Use HLOOKUP to find the sales for Product D in May.
A4: Product B | B4: 150 | C4: 160 | D4: 170 | E4: 180 | F4: 190 | I4: 3. Use HLOOKUP to find the sales for Product C in February.
A5: Product C | B5: 200 | C5: 210 | D5: 220 | E5: 230 | F5: 240 | I5: 4. Use HLOOKUP to find the sales for each month for a product, then calculate the
A6: Product D | B6: 90 | C6: 100 | D6: 110 | E6: 120 | F6: 130 | I6: total sales for that product.
A7: Product E | B7: 220 | C7: 230 | D7: 240 | E7: 250 | F7: 260 | I7: 5. Use HLOOKUP to find the maximum sales value for Product B across all months.
A8: Product F | B8: 130 | C8: 140 | D8: 150 | E8: 160 | F8: 170 | I8: 6. Use HLOOKUP to find the minimum sales value for Product F across all months.
I9: 7. Use HLOOKUP to find the average sales value for Product E across all months.

Sheet SalesData
A1: 1. Use HLOOKUP to find the sales for Product A in March.
E3: Mar
D4: Product A | E4: =HLOOKUP(E3,Questions!A2:F8,2,0) -> 140
A6: 2. Use HLOOKUP to find the sales for Product D in May.
E8: May
D9: Product D | E9: =HLOOKUP(E8,Questions!A2:F8,5,0) -> 130
A11: 3. Use HLOOKUP to find the sales for Product C in February.
E13: Feb
D14: Product C | E14: =HLOOKUP(E13,Questions!A2:F8,4,0) -> 210
A16: 4. Use HLOOKUP to find the sales for each month for a product, then
A17: calculate the total sales for that product.
C19: Jan | D19: Feb | E19: Mar | F19: Apr | G19: May | H19: Total
B20: Product C | C20: =HLOOKUP(C19,Questions!$A$2:$F$8,4,0) -> 200 | D20: =HLOOKUP(D19,Questions!$A$2:$F$8,4,0) -> 210 | E20: =HLOOKUP(E19,Questions!$A$2:$F$8,4,0) -> 220 | F20: =HLOOKUP(F19,Questions!$A$2:$F$8,4,0) -> 230 | G20: =HLOOKUP(G19,Questions!$A$2:$F$8,4,0) -> 240 | H20: =SUM(C20:G20) -> 1100
A22: 5. Use HLOOKUP to find the maximum sales value for Product B across all months.
C24: Jan | D24: Feb | E24: Mar | F24: Apr | G24: May | H24: Max
B25: Product B | C25: =HLOOKUP(C24,Questions!$A$2:$F$8,3,0) -> 150 | D25: =HLOOKUP(D24,Questions!$A$2:$F$8,3,0) -> 160 | E25: =HLOOKUP(E24,Questions!$A$2:$F$8,3,0) -> 170 | F25: =HLOOKUP(F24,Questions!$A$2:$F$8,3,0) -> 180 | G25: =HLOOKUP(G24,Questions!$A$2:$F$8,3,0) -> 190 | H25: =MAX(C25:G25) -> 190
A27: 6. Use HLOOKUP to find the minimum sales value for Product F across all months.
C29: Jan | D29: Feb | E29: Mar | F29: Apr | G29: May | H29: Min
B30: Product F | C30: =HLOOKUP(C29,Questions!$A$2:$F$8,7,0) -> 130 | D30: =HLOOKUP(D29,Questions!$A$2:$F$8,7,0) -> 140 | E30: =HLOOKUP(E29,Questions!$A$2:$F$8,7,0) -> 150 | F30: =HLOOKUP(F29,Questions!$A$2:$F$8,7,0) -> 160 | G30: =HLOOKUP(G29,Questions!$A$2:$F$8,7,0) -> 170 | H30: =MIN(C30:G30) -> 130
A32: 7. Use HLOOKUP to find the average sales value for Product E across all months.
C34: Jan | D34: Feb | E34: Mar | F34: Apr | G34: May | H34: Average
B35: Product E | C35: =HLOOKUP(C34,Questions!$A$2:$F$8,6,0) -> 220 | D35: =HLOOKUP(D34,Questions!$A$2:$F$8,6,0) -> 230 | E35: =HLOOKUP(E34,Questions!$A$2:$F$8,6,0) -> 240 | F35: =HLOOKUP(F34,Questions!$A$2:$F$8,6,0) -> 250 | G35: =HLOOKUP(G34,Questions!$A$2:$F$8,6,0) -> 260 | H35: =AVERAGE(C35:G35) -> 240
