Workbook

Sheet Sheet1
A1: Name | B1: Sub1 | C1: Sub2 | D1: Sub3
A2: Soham | B2: 65 | C2: 68 | D2: 90
A3: Amiya | B3: 45 | C3: 64 | D3: 98
A4: Ajay | B4: 56 | C4: 89 | D4: 73
A5: Nisha | B5: 83 | C5: 87 | D5: 51
A6: Sahil | B6: 78 | C6: 90 | D6: 68
A7: Riya | B7: 60 | C7: 87 | D7: 93
A8: Nilay | B8: 65 | C8: 98 | D8: 78

Sheet Sheet2
A1: Name | B1: Sub1 | C1: Sub2 | D1: Sub3
A2: Soham | B2: 65 | C2: 68 | D2: 90
A3: Amiya | B3: 45 | C3: 64 | D3: 98
A4: Ajay | B4: 56 | C4: 89 | D4: 73
A5: Nisha | B5: 83 | C5: 87 | D5: 51
A6: Sahil | B6: 78 | C6: 90 | D6: 68
A7: Riya | B7: 60 | C7: 87 | D7: 93
A8: Nilay | B8: 65 | C8: 98 | D8: 78
D16: Name | E16: Sub1 | F16: Sub2 | G16: Sub3
D17: Soham | E17: 65 | F17: 68 | G17: 90
D18: Amiya | E18: 45 | F18: 64 | G18: 98
D19: Ajay | E19: 56 | F19: 89 | G19: 73
D20: Nisha | E20: 83 | F20: 87 | G20: 51
D21: Sahil | E21: 78 | F21: 90 | G21: 68
D22: Riya | E22: 60 | F22: 87 | G22: 93
D23: Nilay | E23: 65 | F23: 98 | G23: 78

Sheet Sheet3
A1: Name | B1: Sub1 | C1: Sub2 | D1: Sub3
A2: Soham | B2: 65 | C2: 68 | D2: 90
A3: Amiya | B3: 45 | C3: 64 | D3: 98
A4: Ajay | B4: 56 | C4: 89 | D4: 73
A5: Nisha | B5: 83 | C5: 87 | D5: 51
A6: Sahil | B6: 78 | C6: 90 | D6: 68 | J6: Name | K6: Sub1 | L6: Sub2 | M6: Sub3
A7: Riya | B7: 60 | C7: 87 | D7: 93 | J7: Soham | K7: 65 | L7: 68 | M7: 90
A8: Nilay | B8: 65 | C8: 98 | D8: 78 | J8: Amiya | K8: 45 | L8: 64 | M8: 98
J9: Ajay | K9: 56 | L9: 89 | M9: 73
J10: Nisha | K10: 83 | L10: 87 | M10: 51
J11: Sahil | K11: 78 | L11: 90 | M11: 68
J12: Riya | K12: 60 | L12: 87 | M12: 93
J13: Nilay | K13: 65 | L13: 98 | M13: 78

Sheet Sheet4
B2: =SUM(Sheet1:Sheet3!B2) -> 195 | C2: =SUM(Sheet1:Sheet3!C2) -> 204 | D2: =SUM(Sheet1:Sheet3!D2) -> 270
B3: =SUM(Sheet1:Sheet3!B3) -> 135 | C3: =SUM(Sheet1:Sheet3!C3) -> 192 | D3: =SUM(Sheet1:Sheet3!D3) -> 294
B4: =SUM(Sheet1:Sheet3!B4) -> 168 | C4: =SUM(Sheet1:Sheet3!C4) -> 267 | D4: =SUM(Sheet1:Sheet3!D4) -> 219 | F4: 3D ADD
B5: =SUM(Sheet1:Sheet3!B5) -> 249 | C5: =SUM(Sheet1:Sheet3!C5) -> 261 | D5: =SUM(Sheet1:Sheet3!D5) -> 153
B6: =SUM(Sheet1:Sheet3!B6) -> 234 | C6: =SUM(Sheet1:Sheet3!C6) -> 270 | D6: =SUM(Sheet1:Sheet3!D6) -> 204
B7: =SUM(Sheet1:Sheet3!B7) -> 180 | C7: =SUM(Sheet1:Sheet3!C7) -> 261 | D7: =SUM(Sheet1:Sheet3!D7) -> 279
B8: =SUM(Sheet1:Sheet3!B8) -> 195 | C8: =SUM(Sheet1:Sheet3!C8) -> 294 | D8: =SUM(Sheet1:Sheet3!D8) -> 234
H10: Sub1 | I10: Sub2 | J10: Sub3 | O10: Sub1 | P10: Sub2 | Q10: Sub3
N11: Book1 | O11: =Sheet1!$B$2 -> 65 | P11: =Sheet1!$C$2 -> 68 | Q11: =Sheet1!$D$2 -> 90
N12: Book1 | O12: =Sheet2!$E$17 -> 65 | P12: =Sheet2!$F$17 -> 68 | Q12: =Sheet2!$G$17 -> 90
N13: Book1 | O13: =Sheet3!$K$7 -> 65 | P13: =Sheet3!$L$7 -> 68 | Q13: =Sheet3!$M$7 -> 90
G14: Soham | H14: 195 | I14: 204 | J14: 270 | M14: Soham | O14: =SUM(O11:O13) -> 195 | P14: =SUM(P11:P13) -> 204 | Q14: =SUM(Q11:Q13) -> 270
N15: Book1 | O15: =Sheet1!$B$3 -> 45 | P15: =Sheet1!$C$3 -> 64 | Q15: =Sheet1!$D$3 -> 98
N16: Book1 | O16: =Sheet2!$E$18 -> 45 | P16: =Sheet2!$F$18 -> 64 | Q16: =Sheet2!$G$18 -> 98
N17: Book1 | O17: =Sheet3!$K$8 -> 45 | P17: =Sheet3!$L$8 -> 64 | Q17: =Sheet3!$M$8 -> 98
G18: Amiya | H18: 135 | I18: 192 | J18: 294 | M18: Amiya | O18: =SUM(O15:O17) -> 135 | P18: =SUM(P15:P17) -> 192 | Q18: =SUM(Q15:Q17) -> 294
N19: Book1 | O19: =Sheet1!$B$4 -> 56 | P19: =Sheet1!$C$4 -> 89 | Q19: =Sheet1!$D$4 -> 73
N20: Book1 | O20: =Sheet2!$E$19 -> 56 | P20: =Sheet2!$F$19 -> 89 | Q20: =Sheet2!$G$19 -> 73
N21: Book1 | O21: =Sheet3!$K$9 -> 56 | P21: =Sheet3!$L$9 -> 89 | Q21: =Sheet3!$M$9 -> 73
G22: Ajay | H22: 168 | I22: 267 | J22: 219 | M22: Ajay | O22: =SUM(O19:O21) -> 168 | P22: =SUM(P19:P21) -> 267 | Q22: =SUM(Q19:Q21) -> 219
N23: Book1 | O23: =Sheet1!$B$5 -> 83 | P23: =Sheet1!$C$5 -> 87 | Q23: =Sheet1!$D$5 -> 51
N24: Book1 | O24: =Sheet2!$E$20 -> 83 | P24: =Sheet2!$F$20 -> 87 | Q24: =Sheet2!$G$20 -> 51
N25: Book1 | O25: =Sheet3!$K$10 -> 83 | P25: =Sheet3!$L$10 -> 87 | Q25: =Sheet3!$M$10 -> 51
G26: Nisha | H26: 249 | I26: 261 | J26: 153 | M26: Nisha | O26: =SUM(O23:O25) -> 249 | P26: =SUM(P23:P25) -> 261 | Q26: =SUM(Q23:Q25) -> 153
N27: Book1 | O27: =Sheet1!$B$6 -> 78 | P27: =Sheet1!$C$6 -> 90 | Q27: =Sheet1!$D$6 -> 68
N28: Book1 | O28: =Sheet2!$E$21 -> 78 | P28: =Sheet2!$F$21 -> 90 | Q28: =Sheet2!$G$21 -> 68
N29: Book1 | O29: =Sheet3!$K$11 -> 78 | P29: =Sheet3!$L$11 -> 90 | Q29: =Sheet3!$M$11 -> 68
G30: Sahil | H30: 234 | I30: 270 | J30: 204 | M30: Sahil | O30: =SUM(O27:O29) -> 234 | P30: =SUM(P27:P29) -> 270 | Q30: =SUM(Q27:Q29) -> 204
N31: Book1 | O31: =Sheet1!$B$7 -> 60 | P31: =Sheet1!$C$7 -> 87 | Q31: =Sheet1!$D$7 -> 93
N32: Book1 | O32: =Sheet2!$E$22 -> 60 | P32: =Sheet2!$F$22 -> 87 | Q32: =Sheet2!$G$22 -> 93
N33: Book1 | O33: =Sheet3!$K$12 -> 60 | P33: =Sheet3!$L$12 -> 87 | Q33: =Sheet3!$M$12 -> 93
G34: Riya | H34: 180 | I34: 261 | J34: 279 | M34: Riya | O34: =SUM(O31:O33) -> 180 | P34: =SUM(P31:P33) -> 261 | Q34: =SUM(Q31:Q33) -> 279
N35: Book1 | O35: =Sheet1!$B$8 -> 65 | P35: =Sheet1!$C$8 -> 98 | Q35: =Sheet1!$D$8 -> 78
N36: Book1 | O36: =Sheet2!$E$23 -> 65 | P36: =Sheet2!$F$23 -> 98 | Q36: =Sheet2!$G$23 -> 78
N37: Book1 | O37: =Sheet3!$K$13 -> 65 | P37: =Sheet3!$L$13 -> 98 | Q37: =Sheet3!$M$13 -> 78
G38: Nilay | H38: 195 | I38: 294 | J38: 234 | M38: Nilay | O38: =SUM(O35:O37) -> 195 | P38: =SUM(P35:P37) -> 294 | Q38: =SUM(Q35:Q37) -> 234
H41: CONSOILDATE

Sheet Sheet5
C5: Name | D5: Number | E5: Date | F5: Sub3 | H5: Name | I5: 3 | J5: 10
H6: Number | I6: 1 | J6: 100
D7: 0 | H7: Date | I7: 46082 | J7: 46113
H12: data validation
